Simbolo,Time,Fecha,Entrada,Stop,MM20,MM8
AAPL,1628524800,2021-8-9 18:00:00,146.03,146.14,146.06,146.04
AAPL,1628538300,2021-8-9 21:45:00,145.97,145.87,145.95,145.93
AAPL,1628610000,2021-8-10 17:40:00,145.625,145.77,145.67,145.68
AAPL,1628623800,2021-8-10 21:30:00,145.64,145.55,145.61,145.62
AAPL,1628708400,2021-8-11 21:00:00,145.92,145.99,145.94,145.925
AAPL,1628865000,2021-8-13 16:30:00,149.23,149.055,149.18,149.21
AAPL,1628865300,2021-8-13 16:35:00,149.19,148.91,149.17,149.11
AAPL,1628881800,2021-8-13 21:10:00,148.925,148.88,148.925,148.92
AAPL,1629126900,2021-8-16 17:15:00,147.52,147.675,147.53,147.53
AAPL,1629128400,2021-8-16 17:40:00,148.15,148.33,148.21,148.22
AAPL,1629129000,2021-8-16 17:50:00,148.34,148.55,148.39,148.34
AAPL,1629133500,2021-8-16 19:05:00,149.58,149.25,149.45,149.53
AAPL,1629224100,2021-8-17 20:15:00,150.01,150.17,150.06,150.035
AAPL,1629229200,2021-8-17 21:40:00,149.94,149.72,149.91,149.88
AAPL,1629297000,2021-8-18 16:30:00,149.88,149.75,149.85,149.84
AAPL,1629392700,2021-8-19 19:05:00,147.41,147.155,147.35,147.33
AAPL,1629394200,2021-8-19 19:30:00,146.99,146.7,146.93,146.88
AAPL,1629399900,2021-8-19 21:05:00,146.875,147.08,146.94,146.95
AAPL,1629481800,2021-8-20 19:50:00,147.69,147.55,147.67,147.68
AAPL,1629816900,2021-8-24 16:55:00,150.02,149.925,150.01,149.99
AAPL,1629820500,2021-8-24 17:55:00,149.82,149.95,149.83,149.83
AAPL,1629993300,2021-8-26 17:55:00,148.11,148.21,148.13,148.14
AAPL,1629993900,2021-8-26 18:05:00,148.44,148.57,148.45,148.48
AAPL,1629997200,2021-8-26 19:00:00,148.26,148.2,148.25,148.25
AAPL,1630073700,2021-8-27 16:15:00,148.171,148.42,148.23,148.26
AAPL,1630335300,2021-8-30 16:55:00,151.93,151.72,151.88,151.91
AAPL,1630337100,2021-8-30 17:25:00,151.92,151.83,151.91,151.89
AAPL,1630339500,2021-8-30 18:05:00,152.28,152.13,152.225,152.24
AAPL,1630344000,2021-8-30 19:20:00,153.1,152.98,153.07,153.07
AAPL,1630505100,2021-9-1 16:05:00,154.38,154.08,154.29,154.31
AAPL,1630592400,2021-9-2 16:20:00,153.63,153.37,153.54,153.59
AAPL,1630604100,2021-9-2 19:35:00,152.87,153.02,152.92,152.9
AAPL,1630683900,2021-9-3 17:45:00,154.15,154.04,154.12,154.11
AAPL,1630688100,2021-9-3 18:55:00,153.87,153.77,153.84,153.85
AAPL,1631028300,2021-9-7 17:25:00,155.47,155.25,155.43,155.47
AAPL,1631041500,2021-9-7 21:05:00,156.89,156.995,156.925,156.925
AAPL,1626117600,2021-7-12 21:20:00,144.61,144.511,144.595,144.59
AAPL,1626204300,2021-7-13 21:25:00,145.74,145.959,145.81,145.78
AAPL,1626271800,2021-7-14 16:10:00,148.7,148.16,148.59,148.6
AAPL,1626275400,2021-7-14 17:10:00,149.16,148.935,149.08,149.12
AAPL,1626369300,2021-7-15 19:15:00,147.8,148.07,147.805,147.815
AAPL,1626372300,2021-7-15 20:05:00,147.71,147.85,147.72,147.72
AAPL,1626375600,2021-7-15 21:00:00,148.03,148.18,148.08,148.06
AAPL,1626446700,2021-7-16 16:45:00,148.6,148.42,148.55,148.59
AAPL,1626455100,2021-7-16 19:05:00,147.92,148.07,147.97,147.98
AAPL,1626794100,2021-7-20 17:15:00,145.16,145,145.14,145.14
AAPL,1626882600,2021-7-21 17:50:00,145.21,145.02,145.2,145.18
AAPL,1626966900,2021-7-22 17:15:00,147.57,147.32,147.47,147.48
AAPL,1626968700,2021-7-22 17:45:00,147.355,147.13,147.3,147.35
AAPL,1626978900,2021-7-22 20:35:00,147.26,147.15,147.22,147.251
AAPL,1626981900,2021-7-22 21:25:00,146.96,147.055,146.975,146.97
AAPL,1627054800,2021-7-23 17:40:00,148.1,148.01,148.07,148.08
AAPL,1627057800,2021-7-23 18:30:00,148.21,148.12,148.18,148.18
AAPL,1627058100,2021-7-23 18:35:00,148.2,148.125,148.18,148.2
AAPL,1627311900,2021-7-26 17:05:00,149.43,149.28,149.42,149.4
AAPL,1627314600,2021-7-26 17:50:00,149.5,149.39,149.46,149.46
AAPL,1627411200,2021-7-27 20:40:00,146.59,146.46,146.56,146.58
AAPL,1627413300,2021-7-27 21:15:00,146.82,146.62,146.77,146.755
AAPL,1627480800,2021-7-28 16:00:00,144.53,144.91,144.535,144.62
AAPL,1627496400,2021-7-28 20:20:00,145.11,145.3,145.18,145.17
AAPL,1627566900,2021-7-29 15:55:00,146.35,146.01,146.27,146.23
AAPL,1627580400,2021-7-29 19:40:00,145.87,145.73,145.86,145.82
AAPL,1627653000,2021-7-30 15:50:00,144.97,145.275,145.08,145.04
AAPL,1627667100,2021-7-30 19:45:00,145.79,145.665,145.77,145.79
AAPL,1627912800,2021-8-2 16:00:00,145.881,146.155,145.93,145.91
AAPL,1627924200,2021-8-2 19:10:00,145.94,146.05,145.98,145.96
AAPL,1628088300,2021-8-4 16:45:00,146.91,147.06,146.96,146.97
AAPL,1628093400,2021-8-4 18:10:00,147.065,147.26,147.08,147.13
AAPL,1628100000,2021-8-4 20:00:00,147.055,146.97,147.03,147.055
AAPL,1628180400,2021-8-5 18:20:00,147.35,147.27,147.35,147.35
AAPL,1628521500,2021-8-9 17:05:00,146,145.84,145.955,145.98
AAPL,1628524800,2021-8-9 18:00:00,146.03,146.14,146.06,146.04
AAPL,1623769500,2021-6-15 17:05:00,129.825,129.9,129.84,129.83
AAPL,1623857700,2021-6-16 17:35:00,130.38,130.29,130.38,130.36
AAPL,1623871500,2021-6-16 21:25:00,130.15,130.39,130.22,130.19
AAPL,1624044300,2021-6-18 21:25:00,130.875,130.97,130.89,130.905
AAPL,1624286100,2021-6-21 16:35:00,131.03,131.21,131.055,131.06
AAPL,1624304400,2021-6-21 21:40:00,131.98,132.07,132.015,132
AAPL,1624458300,2021-6-23 16:25:00,133.99,133.91,133.97,133.97
AAPL,1624463100,2021-6-23 17:45:00,133.69,133.77,133.69,133.71
AAPL,1624464300,2021-6-23 18:05:00,133.73,133.82,133.745,133.73
AAPL,1624472100,2021-6-23 20:15:00,133.735,133.65,133.72,133.71
AAPL,1624476000,2021-6-23 21:20:00,133.885,133.949,133.91,133.91
AAPL,1624550100,2021-6-24 17:55:00,133.98,134.05,134,134
AAPL,1624555500,2021-6-24 19:25:00,133.375,133.465,133.38,133.39
AAPL,1624633200,2021-6-25 17:00:00,133.55,133.4,133.51,133.51
AAPL,1624650900,2021-6-25 21:55:00,133.09,133.36,133.16,133.11
AAPL,1624974300,2021-6-29 15:45:00,135.13,135.47,135.15,135.25
AAPL,1624984800,2021-6-29 18:40:00,136.25,136.18,136.225,136.24
AAPL,1625666700,2021-7-7 16:05:00,143.97,143.46,143.84,143.83
AAPL,1625753400,2021-7-8 16:10:00,141.9,142.28,141.95,142.02
AAPL,1625754600,2021-7-8 16:30:00,142,142.345,142.125,142.06
AAPL,1625838600,2021-7-9 15:50:00,143.665,143.92,143.73,143.76
AAPL,1625844900,2021-7-9 17:35:00,145.08,144.94,145.04,145.05
AAPL,1626117600,2021-7-12 21:20:00,144.61,144.511,144.595,144.59
AAPL,1621278000,2021-5-17 21:00:00,125.605,125.7,125.63,125.64
AAPL,1621445700,2021-5-19 19:35:00,124.13,123.97,124.08,124.09
AAPL,1621520700,2021-5-20 16:25:00,126.4,126.3,126.36,126.37
AAPL,1621539600,2021-5-20 21:40:00,127.505,127.43,127.48,127.48
AAPL,1621884300,2021-5-24 21:25:00,127.73,127.63,127.71,127.71
AAPL,1621951800,2021-5-25 16:10:00,126.96,127.185,127.01,127.05
AAPL,1621971900,2021-5-25 21:45:00,126.82,126.94,126.85,126.84
AAPL,1622049300,2021-5-26 19:15:00,126.71,126.81,126.74,126.71
AAPL,1622049900,2021-5-26 19:25:00,126.73,126.8,126.74,126.75
AAPL,1622126400,2021-5-27 16:40:00,127.455,127.31,127.41,127.41
AAPL,1622135100,2021-5-27 19:05:00,126.615,126.66,126.63,126.63
AAPL,1622144400,2021-5-27 21:40:00,125.85,125.97,125.88,125.86
AAPL,1622216400,2021-5-28 17:40:00,125.15,125.21,125.15,125.16
AAPL,1622573700,2021-6-1 20:55:00,124.9,124.83,124.895,124.88
AAPL,1622574300,2021-6-1 21:05:00,124.78,124.61,124.73,124.75
AAPL,1622655300,2021-6-2 19:35:00,124.26,124.35,124.27,124.27
AAPL,1622813400,2021-6-4 15:30:00,124.04,124.31,124.05,124.12
AAPL,1622821200,2021-6-4 17:40:00,125.16,125.02,125.11,125.135
AAPL,1623252600,2021-6-9 17:30:00,127.131,127.04,127.115,127.1
AAPL,1623257100,2021-6-9 18:45:00,127.17,127.12,127.17,127.16
AAPL,1623265200,2021-6-9 21:00:00,127.175,127.11,127.16,127.17
AAPL,1623334800,2021-6-10 16:20:00,127.51,127.34,127.45,127.48
AAPL,1623335100,2021-6-10 16:25:00,127.47,127.34,127.46,127.46
AAPL,1623345000,2021-6-10 19:10:00,126.56,126.49,126.535,126.54
AAPL,1623422400,2021-6-11 16:40:00,126.86,126.76,126.85,126.831
AAPL,1623431100,2021-6-11 19:05:00,127.04,126.98,127.03,127.03
AAPL,1623769500,2021-6-15 17:05:00,129.825,129.9,129.84,129.83
CSCO,1628611500,2021-8-10 18:05:00,55.495,55.525,55.495,55.5
CSCO,1628691900,2021-8-11 16:25:00,55.645,55.6,55.635,55.64
CSCO,1628780400,2021-8-12 17:00:00,55.96,55.91,55.96,55.945
CSCO,1629128400,2021-8-16 17:40:00,56.14,56.22,56.145,56.16
CSCO,1629312900,2021-8-18 20:55:00,55.45,55.42,55.445,55.44
CSCO,1629380700,2021-8-19 15:45:00,55.56,55.785,55.57,55.58
CSCO,1629385500,2021-8-19 17:05:00,56.81,56.65,56.785,56.76
CSCO,1629390000,2021-8-19 18:20:00,56.69,56.62,56.68,56.68
CSCO,1629738600,2021-8-23 19:10:00,58.53,58.57,58.53,58.54
CSCO,1629815100,2021-8-24 16:25:00,58.78,58.72,58.77,58.76
CSCO,1629822000,2021-8-24 18:20:00,58.98,58.96,58.975,58.98
CSCO,1629827400,2021-8-24 19:50:00,59.07,59.03,59.07,59.06
CSCO,1629827700,2021-8-24 19:55:00,59.06,59.03,59.06,59.06
CSCO,1629832200,2021-8-24 21:10:00,59.125,59.1,59.125,59.12
CSCO,1629898800,2021-8-25 15:40:00,59.28,59.19,59.265,59.27
CSCO,1629990600,2021-8-26 17:10:00,59.25,59.285,59.26,59.26
CSCO,1630073400,2021-8-27 16:10:00,59.165,59.23,59.17,59.175
CSCO,1630086300,2021-8-27 19:45:00,59.3,59.285,59.295,59.295
CSCO,1630332600,2021-8-30 16:10:00,58.93,59.005,58.96,58.94
CSCO,1630336200,2021-8-30 17:10:00,58.94,58.98,58.95,58.95
CSCO,1630419300,2021-8-31 16:15:00,58.905,58.965,58.91,58.92
CSCO,1630503000,2021-9-1 15:30:00,58.97,58.86,58.97,58.94
CSCO,1630510500,2021-9-1 17:35:00,58.845,58.89,58.86,58.86
CSCO,1630521600,2021-9-1 20:40:00,59.03,58.995,59.03,59.025
CSCO,1630590900,2021-9-2 15:55:00,59.315,59.22,59.3,59.28
CSCO,1631034900,2021-9-7 19:15:00,58.87,58.89,58.875,58.875
CSCO,1626108000,2021-7-12 18:40:00,53.24,53.27,53.245,53.245
CSCO,1626115500,2021-7-12 20:45:00,53.29,53.27,53.285,53.29
CSCO,1626193500,2021-7-13 18:25:00,53.505,53.465,53.5,53.49
CSCO,1626195300,2021-7-13 18:55:00,53.385,53.36,53.375,53.38
CSCO,1626277500,2021-7-14 17:45:00,53.53,53.47,53.52,53.51
CSCO,1626714000,2021-7-19 19:00:00,53,53.06,53.02,53.01
CSCO,1626721800,2021-7-19 21:10:00,52.84,52.905,52.86,52.845
CSCO,1626724200,2021-7-19 21:50:00,52.94,53.07,52.95,52.98
CSCO,1626800100,2021-7-20 18:55:00,53.74,53.76,53.74,53.74
CSCO,1626801300,2021-7-20 19:15:00,53.66,53.68,53.66,53.66
CSCO,1626804900,2021-7-20 20:15:00,53.715,53.74,53.72,53.725
CSCO,1626809100,2021-7-20 21:25:00,53.71,53.67,53.71,53.7
CSCO,1626886500,2021-7-21 18:55:00,53.67,53.64,53.665,53.665
CSCO,1626894300,2021-7-21 21:05:00,53.81,53.795,53.805,53.805
CSCO,1627069200,2021-7-23 21:40:00,55.24,55.28,55.245,55.25
CSCO,1627309800,2021-7-26 16:30:00,55.2,55.16,55.2,55.19
CSCO,1627400400,2021-7-27 17:40:00,55.15,55.23,55.17,55.17
CSCO,1627404300,2021-7-27 18:45:00,54.98,55.01,54.99,54.99
CSCO,1627496100,2021-7-28 20:15:00,54.7,54.78,54.705,54.7
CSCO,1627570200,2021-7-29 16:50:00,55,54.96,54.995,54.99
CSCO,1627577100,2021-7-29 18:45:00,55.06,55.05,55.06,55.06
CSCO,1627663500,2021-7-30 18:45:00,55.38,55.395,55.385,55.385
CSCO,1627920000,2021-8-2 18:00:00,55.65,55.61,55.64,55.64
CSCO,1627924200,2021-8-2 19:10:00,55.58,55.62,55.59,55.58
CSCO,1628003400,2021-8-3 17:10:00,55.685,55.625,55.68,55.665
CSCO,1628017800,2021-8-3 21:10:00,56.31,56.29,56.305,56.31
CSCO,1628084700,2021-8-4 15:45:00,55.71,55.76,55.71,55.72
CSCO,1628088000,2021-8-4 16:40:00,55.69,55.75,55.71,55.695
CSCO,1628181000,2021-8-5 18:30:00,55.875,55.85,55.87,55.865
CSCO,1628187600,2021-8-5 20:20:00,55.91,55.89,55.91,55.905
CSCO,1628189100,2021-8-5 20:45:00,55.81,55.78,55.81,55.81
CSCO,1628266200,2021-8-6 18:10:00,55.86,55.81,55.855,55.85
CSCO,1628515800,2021-8-9 15:30:00,55.94,56.07,55.98,55.98
CSCO,1628611500,2021-8-10 18:05:00,55.495,55.525,55.495,55.5
CSCO,1623765900,2021-6-15 16:05:00,54.08,54.03,54.06,54.07
CSCO,1623771600,2021-6-15 17:40:00,53.905,53.935,53.905,53.91
CSCO,1623784500,2021-6-15 21:15:00,53.815,53.85,53.815,53.825
CSCO,1623852600,2021-6-16 16:10:00,53.76,53.85,53.77,53.79
CSCO,1623940500,2021-6-17 16:35:00,53.47,53.545,53.48,53.48
CSCO,1623943500,2021-6-17 17:25:00,53.35,53.38,53.36,53.36
CSCO,1624295100,2021-6-21 19:05:00,53.14,53.16,53.145,53.145
CSCO,1624301400,2021-6-21 20:50:00,53.16,53.135,53.15,53.15
CSCO,1624369500,2021-6-22 15:45:00,53.185,53.27,53.19,53.2
CSCO,1624456500,2021-6-23 15:55:00,53.08,53.02,53.08,53.07
CSCO,1624905600,2021-6-28 20:40:00,53.09,53.13,53.1,53.09
CSCO,1624990500,2021-6-29 20:15:00,52.87,52.895,52.875,52.88
CSCO,1624993800,2021-6-29 21:10:00,52.825,52.8,52.815,52.815
CSCO,1625063700,2021-6-30 16:35:00,52.795,52.86,52.81,52.81
CSCO,1625154600,2021-7-1 17:50:00,53.485,53.47,53.48,53.48
CSCO,1625233800,2021-7-2 15:50:00,53.2,53.27,53.215,53.225
CSCO,1625584200,2021-7-6 17:10:00,52.595,52.63,52.6,52.6
CSCO,1625679300,2021-7-7 19:35:00,53.05,53.02,53.05,53.05
CSCO,1625751300,2021-7-8 15:35:00,53.24,53.155,53.22,53.23
CSCO,1625756400,2021-7-8 17:00:00,53.1,53.18,53.12,53.11
CSCO,1625757000,2021-7-8 17:10:00,53.19,53.25,53.21,53.195
CSCO,1625838900,2021-7-9 15:55:00,53.61,53.51,53.58,53.605
CSCO,1625842500,2021-7-9 16:55:00,53.59,53.565,53.58,53.58
CSCO,1625847300,2021-7-9 18:15:00,53.715,53.69,53.705,53.71
CSCO,1626108000,2021-7-12 18:40:00,53.24,53.27,53.245,53.245
CSCO,1621268700,2021-5-17 18:25:00,52.87,52.905,52.87,52.88
CSCO,1621351800,2021-5-18 17:30:00,53.03,52.96,53.02,53.01
CSCO,1621354500,2021-5-18 18:15:00,53.055,53.03,53.05,53.045
CSCO,1621522500,2021-5-20 16:55:00,52.17,52.24,52.17,52.19
CSCO,1621534200,2021-5-20 20:10:00,52.875,52.83,52.865,52.87
CSCO,1621609800,2021-5-21 17:10:00,52.38,52.45,52.38,52.4
CSCO,1621610400,2021-5-21 17:20:00,52.495,52.535,52.495,52.5
CSCO,1621611900,2021-5-21 17:45:00,52.49,52.57,52.5,52.52
CSCO,1621614000,2021-5-21 18:20:00,52.54,52.58,52.545,52.55
CSCO,1621621500,2021-5-21 20:25:00,52.66,52.6,52.655,52.645
CSCO,1621880400,2021-5-24 20:20:00,53.65,53.63,53.645,53.645
CSCO,1621956900,2021-5-25 17:35:00,53.33,53.38,53.35,53.34
CSCO,1621971300,2021-5-25 21:35:00,53.38,53.4,53.385,53.385
CSCO,1622038500,2021-5-26 16:15:00,53.285,53.39,53.3,53.295
CSCO,1622129100,2021-5-27 17:25:00,52.78,52.82,52.79,52.78
CSCO,1622214300,2021-5-28 17:05:00,52.92,52.89,52.92,52.915
CSCO,1622216400,2021-5-28 17:40:00,52.95,52.98,52.96,52.96
CSCO,1622646600,2021-6-2 17:10:00,52.79,52.765,52.78,52.78
CSCO,1622650200,2021-6-2 18:10:00,52.83,52.81,52.83,52.83
CSCO,1622655900,2021-6-2 19:45:00,52.94,52.9,52.94,52.93
CSCO,1622739900,2021-6-3 19:05:00,53.41,53.3,53.405,53.38
CSCO,1622745900,2021-6-3 20:45:00,53.505,53.47,53.5,53.495
CSCO,1622821200,2021-6-4 17:40:00,53.99,53.93,53.975,53.99
CSCO,1622832600,2021-6-4 20:50:00,54.04,54.025,54.04,54.04
CSCO,1623074700,2021-6-7 16:05:00,54.15,54.04,54.14,54.12
CSCO,1623075000,2021-6-7 16:10:00,54.14,54.075,54.13,54.13
CSCO,1623083100,2021-6-7 18:25:00,53.835,53.86,53.84,53.835
CSCO,1623162600,2021-6-8 16:30:00,54.175,54.135,54.175,54.165
CSCO,1623250200,2021-6-9 16:50:00,54.275,54.215,54.26,54.27
CSCO,1623257700,2021-6-9 18:55:00,54.075,54.11,54.085,54.085
CSCO,1623681300,2021-6-14 16:35:00,53.89,53.98,53.9,53.925
CSCO,1623765900,2021-6-15 16:05:00,54.08,54.03,54.06,54.07
JPM,1628699400,2021-8-11 18:30:00,161.31,161.21,161.27,161.28
JPM,1628705700,2021-8-11 20:15:00,161.03,161.13,161.05,161.05
JPM,1628708400,2021-8-11 21:00:00,160.79,160.93,160.83,160.8
JPM,1628866200,2021-8-13 16:50:00,160.1,160.27,160.12,160.12
JPM,1629121500,2021-8-16 15:45:00,156.91,157.32,156.97,157.05
JPM,1629124800,2021-8-16 16:40:00,158.33,158.56,158.39,158.4
JPM,1629303000,2021-8-18 18:10:00,157.76,157.65,157.76,157.76
JPM,1629399300,2021-8-19 20:55:00,154,154.155,154.02,154.05
JPM,1629402000,2021-8-19 21:40:00,154.29,154.01,154.23,154.21
JPM,1629472800,2021-8-20 17:20:00,154.29,154.42,154.32,154.33
JPM,1629480900,2021-8-20 19:35:00,154.62,154.54,154.59,154.6
JPM,1629486000,2021-8-20 21:00:00,154.35,154.51,154.375,154.4
JPM,1629745200,2021-8-23 21:00:00,156.83,156.76,156.81,156.82
JPM,1629815100,2021-8-24 16:25:00,157.49,157.28,157.42,157.46
JPM,1629824100,2021-8-24 18:55:00,157.53,157.6,157.53,157.55
JPM,1629829500,2021-8-24 20:25:00,157.76,157.6,157.705,157.75
JPM,1629900600,2021-8-25 16:10:00,160.36,160.07,160.28,160.31
JPM,1629988500,2021-8-26 16:35:00,162.97,162.7,162.94,162.89
JPM,1630002300,2021-8-26 20:25:00,161.69,161.77,161.7,161.69
JPM,1630006500,2021-8-26 21:35:00,161.43,161.66,161.5,161.5
JPM,1630006800,2021-8-26 21:40:00,161.56,161.76,161.63,161.61
JPM,1630084500,2021-8-27 19:15:00,162.925,162.85,162.925,162.91
JPM,1630333500,2021-8-30 16:25:00,160.78,160.95,160.82,160.81
JPM,1630350300,2021-8-30 21:05:00,160.98,161.05,160.99,160.98
JPM,1630425300,2021-8-31 17:55:00,160.54,160.43,160.54,160.52
JPM,1630509000,2021-9-1 17:10:00,160.39,160.25,160.38,160.38
JPM,1630524900,2021-9-1 21:35:00,159.56,159.65,159.59,159.57
JPM,1630599600,2021-9-2 18:20:00,161.005,160.88,160.97,160.97
JPM,1630676700,2021-9-3 15:45:00,160.19,160.52,160.25,160.25
JPM,1630683000,2021-9-3 17:30:00,159.62,159.79,159.66,159.66
JPM,1630696500,2021-9-3 21:15:00,159.88,159.77,159.87,159.84
JPM,1630698300,2021-9-3 21:45:00,159.9,159.75,159.89,159.85
JPM,1631023200,2021-9-7 16:00:00,161.09,160.68,160.96,161.04
JPM,1631030700,2021-9-7 18:05:00,160.04,160.16,160.08,160.08
JPM,1626117900,2021-7-12 21:25:00,158.24,158.32,158.24,158.26
JPM,1626194100,2021-7-13 18:35:00,154.03,154.14,154.06,154.05
JPM,1626278700,2021-7-14 18:05:00,153.93,154.16,153.95,153.96
JPM,1626357300,2021-7-15 15:55:00,154.44,154.1,154.37,154.32
JPM,1626375600,2021-7-15 21:00:00,154.95,155.015,154.97,154.975
JPM,1626443100,2021-7-16 15:45:00,155.09,154.78,155.04,154.98
JPM,1626464400,2021-7-16 21:40:00,151.21,151.36,151.23,151.255
JPM,1626709500,2021-7-19 17:45:00,146.65,146.85,146.68,146.67
JPM,1626714000,2021-7-19 19:00:00,146.26,146.5,146.27,146.34
JPM,1626804000,2021-7-20 20:00:00,150.18,150.29,150.215,150.21
JPM,1626879600,2021-7-21 17:00:00,152.21,152.02,152.15,152.15
JPM,1626890700,2021-7-21 20:05:00,153.25,153.21,153.24,153.24
JPM,1626964800,2021-7-22 16:40:00,151.77,152,151.85,151.85
JPM,1626980700,2021-7-22 21:05:00,151.05,150.97,151.03,151.04
JPM,1627056300,2021-7-23 18:05:00,150.63,150.74,150.67,150.65
JPM,1627065000,2021-7-23 20:30:00,150.4,150.57,150.455,150.42
JPM,1627316700,2021-7-26 18:25:00,151.19,151.275,151.2,151.2
JPM,1627394400,2021-7-27 16:00:00,150.82,151.08,150.85,150.83
JPM,1627396200,2021-7-27 16:30:00,151.82,152.02,151.9,151.86
JPM,1627399800,2021-7-27 17:30:00,151.79,151.56,151.77,151.75
JPM,1627415400,2021-7-27 21:50:00,151.45,151.64,151.48,151.5
JPM,1627573500,2021-7-29 17:45:00,153.01,152.92,152.98,153
JPM,1627586700,2021-7-29 21:25:00,153.48,153.56,153.51,153.5
JPM,1627663200,2021-7-30 18:40:00,151.96,152.07,151.97,151.96
JPM,1627914000,2021-8-2 16:20:00,153.63,153.31,153.55,153.62
JPM,1627920900,2021-8-2 18:15:00,151.5,151.63,151.55,151.55
JPM,1627930800,2021-8-2 21:00:00,152.15,152.09,152.14,152.15
JPM,1628011800,2021-8-3 19:30:00,152.67,152.57,152.65,152.66
JPM,1628016300,2021-8-3 20:45:00,152.89,152.76,152.88,152.86
JPM,1628095800,2021-8-4 18:50:00,152.17,152.29,152.2,152.2
JPM,1628179800,2021-8-5 18:10:00,153.495,153.415,153.48,153.48
JPM,1628183700,2021-8-5 19:15:00,152.92,153.06,152.93,152.97
JPM,1628520600,2021-8-9 16:50:00,157.52,157.79,157.55,157.61
JPM,1628699400,2021-8-11 18:30:00,161.31,161.21,161.27,161.28
JPM,1623772800,2021-6-15 18:00:00,154.35,154.48,154.37,154.38
JPM,1623773100,2021-6-15 18:05:00,154.405,154.53,154.43,154.45
JPM,1623773400,2021-6-15 18:10:00,154.47,154.59,154.5,154.47
JPM,1623773700,2021-6-15 18:15:00,154.5,154.62,154.53,154.51
JPM,1623855900,2021-6-16 17:05:00,153.96,154.23,154,153.97
JPM,1623873000,2021-6-16 21:50:00,156.625,156.35,156.57,156.6
JPM,1623943800,2021-6-17 17:30:00,152.47,152.86,152.56,152.59
JPM,1623950100,2021-6-17 19:15:00,152.04,152.24,152.06,152.07
JPM,1623952200,2021-6-17 19:50:00,151.85,152,151.91,151.88
JPM,1624026900,2021-6-18 16:35:00,148.05,148.33,148.12,148.05
JPM,1624302600,2021-6-21 21:10:00,149.87,150.05,149.915,149.885
JPM,1624304100,2021-6-21 21:35:00,150.19,150.38,150.22,150.21
JPM,1624305300,2021-6-21 21:55:00,150.34,150.64,150.4,150.4
JPM,1624457400,2021-6-23 16:10:00,150.545,150.71,150.585,150.59
JPM,1624543800,2021-6-24 16:10:00,151.82,151.95,151.839,151.86
JPM,1624545600,2021-6-24 16:40:00,151.97,151.77,151.95,151.94
JPM,1624560900,2021-6-24 20:55:00,152.82,152.75,152.82,152.81
JPM,1624892100,2021-6-28 16:55:00,153.32,153.49,153.36,153.38
JPM,1624896600,2021-6-28 18:10:00,153.31,153.17,153.29,153.26
JPM,1624903800,2021-6-28 20:10:00,153.95,153.88,153.95,153.93
JPM,1624906800,2021-6-28 21:00:00,153.88,153.76,153.87,153.86
JPM,1624993500,2021-6-29 21:05:00,153.995,154.1,154.01,154.03
JPM,1625154000,2021-7-1 17:40:00,156.77,156.64,156.75,156.73
JPM,1625155200,2021-7-1 18:00:00,156.54,156.41,156.495,156.52
JPM,1625236200,2021-7-2 16:30:00,155.59,155.79,155.65,155.6
JPM,1625241000,2021-7-2 17:50:00,155.4,155.5,155.42,155.43
JPM,1625579400,2021-7-6 15:50:00,154.14,154.48,154.25,154.19
JPM,1625590500,2021-7-6 18:55:00,152.63,152.54,152.605,152.62
JPM,1625591400,2021-7-6 19:10:00,152.7,152.56,152.645,152.67
JPM,1625593800,2021-7-6 19:50:00,153,153.05,153.01,153.02
JPM,1625671200,2021-7-7 17:20:00,153.81,154.01,153.81,153.81
JPM,1625673300,2021-7-7 17:55:00,153.31,153.13,153.25,153.29
JPM,1625770500,2021-7-8 20:55:00,150.49,150.59,150.5,150.5
JPM,1625842500,2021-7-9 16:55:00,154.5,154.3,154.48,154.5
JPM,1625852400,2021-7-9 19:40:00,155.32,155.25,155.295,155.31
JPM,1626117900,2021-7-12 21:25:00,158.24,158.32,158.24,158.26
JPM,1621271400,2021-5-17 19:10:00,164.18,164.07,164.16,164.18
JPM,1621275000,2021-5-17 20:10:00,164.48,164.33,164.48,164.47
JPM,1621349100,2021-5-18 16:45:00,165.19,165.02,165.15,165.14
JPM,1621356000,2021-5-18 18:40:00,164.28,164.38,164.295,164.29
JPM,1621359900,2021-5-18 19:45:00,163.84,163.97,163.88,163.85
JPM,1621445700,2021-5-19 19:35:00,160.66,160.52,160.63,160.61
JPM,1621453200,2021-5-19 21:40:00,160.38,160.57,160.41,160.45
JPM,1621540500,2021-5-20 21:55:00,160.97,160.52,160.94,160.84
JPM,1621612500,2021-5-21 17:55:00,162.9,162.77,162.88,162.87
JPM,1621612800,2021-5-21 18:00:00,162.85,162.73,162.83,162.83
JPM,1621617300,2021-5-21 19:15:00,162.19,162.27,162.22,162.22
JPM,1621623900,2021-5-21 21:05:00,162.93,162.85,162.91,162.92
JPM,1621874100,2021-5-24 18:35:00,163.4,163.52,163.4,163.41
JPM,1621884000,2021-5-24 21:20:00,164.03,163.905,163.985,163.98
JPM,1621957800,2021-5-25 17:50:00,163.22,163.36,163.24,163.24
JPM,1621964100,2021-5-25 19:35:00,163.71,163.59,163.68,163.68
JPM,1622056200,2021-5-26 21:10:00,162.21,162.31,162.23,162.23
JPM,1622125800,2021-5-27 16:30:00,163.35,163.17,163.35,163.325
JPM,1622134200,2021-5-27 18:50:00,163.055,162.99,163.055,163.04
JPM,1622221200,2021-5-28 19:00:00,163.83,163.79,163.815,163.82
JPM,1622225400,2021-5-28 20:10:00,164.42,164.3,164.39,164.38
JPM,1622225700,2021-5-28 20:15:00,164.39,164.25,164.35,164.38
JPM,1622226600,2021-5-28 20:30:00,164.4,164.29,164.38,164.36
JPM,1622568300,2021-6-1 19:25:00,165.85,166,165.895,165.88
JPM,1622575800,2021-6-1 21:30:00,165.835,165.7,165.805,165.82
JPM,1622734500,2021-6-3 17:35:00,166.98,166.865,166.95,166.94
JPM,1622737500,2021-6-3 18:25:00,167.13,166.99,167.1,167.11
JPM,1623073800,2021-6-7 15:50:00,166.15,165.84,166.14,166.11
JPM,1623078600,2021-6-7 17:10:00,165.29,165.43,165.31,165.31
JPM,1623092700,2021-6-7 21:05:00,165.58,165.65,165.58,165.59
JPM,1623179400,2021-6-8 21:10:00,165.28,165.37,165.3,165.29
JPM,1623250200,2021-6-9 16:50:00,163.58,163.75,163.64,163.62
JPM,1623250500,2021-6-9 16:55:00,163.77,163.89,163.77,163.79
JPM,1623347100,2021-6-10 19:45:00,161.56,161.62,161.58,161.575
JPM,1623422700,2021-6-11 16:45:00,159.74,159.96,159.815,159.77
JPM,1623685500,2021-6-14 17:45:00,157.84,158.03,157.9,157.9
JPM,1623772800,2021-6-15 18:00:00,154.35,154.48,154.37,154.38
ORCL,1628534700,2021-8-9 20:45:00,89.69,89.665,89.68,89.685
ORCL,1628605800,2021-8-10 16:30:00,89.745,89.645,89.72,89.71
ORCL,1628610600,2021-8-10 17:50:00,89.69,89.741,89.7,89.71
ORCL,1628617200,2021-8-10 19:40:00,89.56,89.64,89.59,89.57
ORCL,1628619900,2021-8-10 20:25:00,89.64,89.69,89.655,89.66
ORCL,1628694600,2021-8-11 17:10:00,89.9,89.75,89.9,89.86
ORCL,1628791500,2021-8-12 20:05:00,89.89,89.865,89.885,89.89
ORCL,1628863800,2021-8-13 16:10:00,90.28,90.03,90.21,90.23
ORCL,1628871600,2021-8-13 18:20:00,90.11,90.14,90.11,90.115
ORCL,1629138000,2021-8-16 20:20:00,90.735,90.71,90.73,90.735
ORCL,1629139200,2021-8-16 20:40:00,90.72,90.68,90.72,90.715
ORCL,1629208800,2021-8-17 16:00:00,91.14,90.93,91.11,91.14
ORCL,1629223200,2021-8-17 20:00:00,90.62,90.67,90.63,90.64
ORCL,1629223500,2021-8-17 20:05:00,90.64,90.72,90.64,90.65
ORCL,1629296400,2021-8-18 16:20:00,90.72,90.63,90.71,90.72
ORCL,1629303600,2021-8-18 18:20:00,90.03,90.11,90.06,90.04
ORCL,1629380700,2021-8-19 15:45:00,89.05,89.36,89.09,89.05
ORCL,1629478800,2021-8-20 19:00:00,89.15,89.1,89.15,89.14
ORCL,1629732300,2021-8-23 17:25:00,89.4,89.33,89.39,89.39
ORCL,1629736800,2021-8-23 18:40:00,89.46,89.41,89.45,89.455
ORCL,1629814500,2021-8-24 16:15:00,89.27,89.44,89.27,89.27
ORCL,1629826500,2021-8-24 19:35:00,88.77,88.8,88.77,88.775
ORCL,1629828000,2021-8-24 20:00:00,88.77,88.795,88.78,88.775
ORCL,1629832200,2021-8-24 21:10:00,88.82,88.775,88.81,88.82
ORCL,1629902400,2021-8-25 16:40:00,88.23,88.355,88.28,88.27
ORCL,1629907500,2021-8-25 18:05:00,88.44,88.35,88.425,88.43
ORCL,1629909300,2021-8-25 18:35:00,88.535,88.48,88.53,88.53
ORCL,1629914400,2021-8-25 20:00:00,88.47,88.42,88.46,88.46
ORCL,1629995400,2021-8-26 18:30:00,89.04,88.98,89.035,89.02
ORCL,1629995700,2021-8-26 18:35:00,89.035,88.96,89.02,89.01
ORCL,1630005900,2021-8-26 21:25:00,88.91,88.86,88.9,88.9
ORCL,1630077000,2021-8-27 17:10:00,89.1,89.05,89.08,89.08
ORCL,1630082100,2021-8-27 18:35:00,89.185,89.24,89.19,89.19
ORCL,1630090800,2021-8-27 21:00:00,89.17,89.125,89.16,89.17
ORCL,1630337400,2021-8-30 17:30:00,89.85,89.78,89.84,89.84
ORCL,1630340700,2021-8-30 18:25:00,89.605,89.57,89.6,89.605
ORCL,1630343400,2021-8-30 19:10:00,89.65,89.7,89.665,89.655
ORCL,1630504500,2021-9-1 15:55:00,89.66,89.44,89.62,89.64
ORCL,1630506600,2021-9-1 16:30:00,89.47,89.33,89.47,89.44
ORCL,1630511400,2021-9-1 17:50:00,89.515,89.56,89.52,89.53
ORCL,1630512300,2021-9-1 18:05:00,89.58,89.62,89.59,89.59
ORCL,1630526100,2021-9-1 21:55:00,89.98,89.88,89.96,89.95
ORCL,1630591800,2021-9-2 16:10:00,90.27,90.09,90.24,90.27
ORCL,1630600500,2021-9-2 18:35:00,89.595,89.64,89.61,89.61
ORCL,1630678500,2021-9-3 16:15:00,89.77,89.96,89.83,89.83
ORCL,1630687200,2021-9-3 18:40:00,90.045,89.97,90.035,90.03
ORCL,1631026200,2021-9-7 16:50:00,89.03,89.25,89.11,89.09
ORCL,1626189900,2021-7-13 17:25:00,87.5,87.4,87.47,87.49
ORCL,1626204300,2021-7-13 21:25:00,87.2,87.275,87.21,87.23
ORCL,1626285900,2021-7-14 20:05:00,88.23,88.35,88.24,88.24
ORCL,1626450300,2021-7-16 17:45:00,87.55,87.35,87.51,87.54
ORCL,1626460500,2021-7-16 20:35:00,88.12,88.045,88.09,88.102
ORCL,1626463500,2021-7-16 21:25:00,87.96,88.02,87.97,87.97
ORCL,1626802200,2021-7-20 19:30:00,88.685,88.6,88.68,88.655
ORCL,1626804900,2021-7-20 20:15:00,88.7,88.755,88.72,88.72
ORCL,1626809700,2021-7-20 21:35:00,88.84,88.76,88.84,88.82
ORCL,1626875100,2021-7-21 15:45:00,88.67,88.455,88.66,88.62
ORCL,1626882000,2021-7-21 17:40:00,90.055,89.95,90.025,90.025
ORCL,1626886800,2021-7-21 19:00:00,89.835,89.75,89.83,89.83
ORCL,1626972000,2021-7-22 18:40:00,90.7,90.79,90.715,90.73
ORCL,1626973500,2021-7-22 19:05:00,90.83,90.89,90.84,90.835
ORCL,1626977700,2021-7-22 20:15:00,90.41,90.49,90.43,90.44
ORCL,1627050900,2021-7-23 16:35:00,88.28,88.44,88.33,88.31
ORCL,1627062900,2021-7-23 19:55:00,87.64,87.68,87.645,87.65
ORCL,1627069200,2021-7-23 21:40:00,87.735,87.84,87.76,87.77
ORCL,1627309200,2021-7-26 16:20:00,87.56,87.7,87.58,87.585
ORCL,1627317600,2021-7-26 18:40:00,87.675,87.575,87.65,87.64
ORCL,1627317900,2021-7-26 18:45:00,87.62,87.52,87.61,87.6
ORCL,1627326900,2021-7-26 21:15:00,87.78,87.73,87.77,87.78
ORCL,1627482300,2021-7-28 16:25:00,87.63,87.75,87.66,87.67
ORCL,1627565700,2021-7-29 15:35:00,88.06,88.26,88.1,88.1
ORCL,1627568400,2021-7-29 16:20:00,87.58,87.37,87.57,87.54
ORCL,1627569600,2021-7-29 16:40:00,87.49,87.33,87.45,87.48
ORCL,1627653600,2021-7-30 16:00:00,87.22,87.31,87.24,87.23
ORCL,1627913400,2021-8-2 16:10:00,87.44,87.27,87.42,87.43
ORCL,1627920000,2021-8-2 18:00:00,87.68,87.6,87.65,87.65
ORCL,1627922700,2021-8-2 18:45:00,87.84,87.77,87.84,87.84
ORCL,1628170800,2021-8-5 15:40:00,90.08,89.84,90.03,89.99
ORCL,1628178000,2021-8-5 17:40:00,89.02,89.11,89.025,89.03
ORCL,1628257800,2021-8-6 15:50:00,89.44,89.305,89.43,89.44
ORCL,1628258400,2021-8-6 16:00:00,89.125,88.92,89.125,89.085
ORCL,1628279400,2021-8-6 21:50:00,89.42,89.36,89.405,89.42
ORCL,1628517300,2021-8-9 15:55:00,90.18,89.97,90.15,90.12
ORCL,1628534700,2021-8-9 20:45:00,89.69,89.665,89.68,89.685
ORCL,1623780600,2021-6-15 20:10:00,81.92,81.98,81.94,81.925
ORCL,1623852900,2021-6-16 16:15:00,76.265,76.47,76.32,76.3
ORCL,1623854700,2021-6-16 16:45:00,76.4,76.68,76.49,76.495
ORCL,1623951600,2021-6-17 19:40:00,77.19,77.28,77.2,77.22
ORCL,1624023000,2021-6-18 15:30:00,76.79,76.41,76.71,76.72
ORCL,1624028400,2021-6-18 17:00:00,76.12,76.25,76.13,76.12
ORCL,1624037100,2021-6-18 19:25:00,76.25,76.185,76.23,76.24
ORCL,1624295100,2021-6-21 19:05:00,77.715,77.76,77.73,77.725
ORCL,1624300800,2021-6-21 20:40:00,77.66,77.61,77.65,77.66
ORCL,1624391100,2021-6-22 21:45:00,78.62,78.565,78.61,78.61
ORCL,1624461300,2021-6-23 17:15:00,78.58,78.65,78.6,78.59
ORCL,1624464000,2021-6-23 18:00:00,78.655,78.62,78.655,78.65
ORCL,1624551900,2021-6-24 18:25:00,77.71,77.78,77.72,77.71
ORCL,1624561800,2021-6-24 21:10:00,77.69,77.66,77.68,77.68
ORCL,1624632600,2021-6-25 16:50:00,77.94,77.78,77.92,77.9
ORCL,1624645800,2021-6-25 20:30:00,78.41,78.365,78.41,78.4
ORCL,1624647300,2021-6-25 20:55:00,78.3,78.27,78.3,78.295
ORCL,1624890900,2021-6-28 16:35:00,78.64,78.55,78.635,78.63
ORCL,1624901700,2021-6-28 19:35:00,78.49,78.55,78.49,78.49
ORCL,1624905600,2021-6-28 20:40:00,78.49,78.52,78.49,78.49
ORCL,1624975500,2021-6-29 16:05:00,78.4,78.47,78.41,78.4
ORCL,1625063700,2021-6-30 16:35:00,77.89,77.96,77.91,77.91
ORCL,1625667900,2021-7-7 16:25:00,84.34,84.17,84.32,84.29
ORCL,1625670300,2021-7-7 17:05:00,84.63,84.46,84.57,84.585
ORCL,1625684700,2021-7-7 21:05:00,86.335,86.22,86.315,86.32
ORCL,1625759100,2021-7-8 17:45:00,85.485,85.59,85.52,85.5
ORCL,1625766600,2021-7-8 19:50:00,85.62,85.56,85.61,85.6
ORCL,1625844600,2021-7-9 17:30:00,87.93,87.74,87.89,87.9
ORCL,1625853300,2021-7-9 19:55:00,88.14,88.06,88.115,88.12
ORCL,1626103500,2021-7-12 17:25:00,88.015,87.9,87.99,88.01
ORCL,1626189900,2021-7-13 17:25:00,87.5,87.4,87.47,87.49
ORCL,1621268700,2021-5-17 18:25:00,79.14,79.18,79.14,79.15
ORCL,1621279800,2021-5-17 21:30:00,79.05,78.96,79.035,79.045
ORCL,1621354200,2021-5-18 18:10:00,78.93,78.89,78.93,78.92
ORCL,1621435800,2021-5-19 16:50:00,77.85,77.925,77.87,77.88
ORCL,1621521300,2021-5-20 16:35:00,78.935,78.81,78.91,78.92
ORCL,1621537200,2021-5-20 21:00:00,78.94,78.9,78.93,78.94
ORCL,1621873200,2021-5-24 18:20:00,79.62,79.58,79.62,79.61
ORCL,1621968300,2021-5-25 20:45:00,78.75,78.805,78.77,78.755
ORCL,1622038200,2021-5-26 16:10:00,79.13,79.08,79.12,79.12
ORCL,1622044200,2021-5-26 17:50:00,79.15,79.2,79.16,79.16
ORCL,1622055900,2021-5-26 21:05:00,79.1,79.12,79.105,79.1
ORCL,1622124900,2021-5-27 16:15:00,79.71,79.625,79.7,79.685
ORCL,1622127000,2021-5-27 16:50:00,79.665,79.57,79.63,79.64
ORCL,1622211000,2021-5-28 16:10:00,78.99,78.87,78.96,78.98
ORCL,1622223000,2021-5-28 19:30:00,79.06,79.11,79.08,79.07
ORCL,1622562300,2021-6-1 17:45:00,79.33,79.24,79.3,79.3
ORCL,1622575800,2021-6-1 21:30:00,79.68,79.62,79.67,79.67
ORCL,1622649300,2021-6-2 17:55:00,80.655,80.6,80.65,80.64
ORCL,1622660400,2021-6-2 21:00:00,80.45,80.47,80.455,80.45
ORCL,1622662500,2021-6-2 21:35:00,80.48,80.51,80.485,80.49
ORCL,1622821200,2021-6-4 17:40:00,83.59,83.46,83.55,83.55
ORCL,1622835000,2021-6-4 21:30:00,83.19,83.15,83.18,83.18
ORCL,1623075600,2021-6-7 16:20:00,83.365,83.27,83.35,83.365
ORCL,1623085200,2021-6-7 19:00:00,83.89,83.8,83.87,83.88
ORCL,1623087900,2021-6-7 19:45:00,84.01,83.92,83.995,83.99
ORCL,1623170100,2021-6-8 18:35:00,84.505,84.545,84.51,84.52
ORCL,1623176100,2021-6-8 20:15:00,84.76,84.72,84.76,84.75
ORCL,1623256200,2021-6-9 18:30:00,84.21,84.26,84.215,84.21
ORCL,1623259500,2021-6-9 19:25:00,84.38,84.43,84.395,84.4
ORCL,1623419700,2021-6-11 15:55:00,82.78,82.625,82.77,82.73
ORCL,1623422400,2021-6-11 16:40:00,82.94,82.83,82.9,82.915
ORCL,1623433800,2021-6-11 19:50:00,82.59,82.635,82.605,82.6
ORCL,1623780600,2021-6-15 20:10:00,81.92,81.98,81.94,81.925
